MDVP:Fo(Hz),MDVP:Fhi(Hz),MDVP:Flo(Hz),MDVP:Jitter(Abs),MDVP:RAP,Shimmer:APQ3,MDVP:APQ,NHR,HNR,status,RPDE,DFA,spread1,spread2,D2
-1.0000000000000007,-1.0,1.0,0.0,-1.0,-1.0,-1.0,-0.9999999999999999,1.0,-1.0,-1.0000000000000002,0.9999999999999993,-1.0000000000000002,-0.9999999999999997,-1.0000000000000007
0.9999999999999993,1.0,-1.0,0.0,1.0,1.0,1.0,1.0000000000000002,-1.0,1.0,0.9999999999999998,-1.0000000000000007,0.9999999999999998,1.0000000000000004,0.9999999999999994
