MDVP:Fo(Hz),MDVP:Fhi(Hz),MDVP:Flo(Hz),MDVP:Jitter(%),MDVP:Jitter(Abs),MDVP:RAP,MDVP:PPQ,Jitter:DDP,MDVP:Shimmer,MDVP:Shimmer(dB),Shimmer:APQ3,Shimmer:APQ5,MDVP:APQ,Shimmer:DDA,NHR,HNR,RPDE,DFA,spread1,spread2,D2,PPE
1.0000000000000009,0.9999999999999976,1.000000000000001,-0.9999999999999998,-1.0,-1.0,-0.9999999999999998,-1.0000000000000002,-1.0,-1.0,-0.9999999999999998,-0.9999999999999998,-1.0000000000000004,-1.0000000000000002,-1.0000000000000002,0.9999999999999994,-0.9999999999999998,-1.0,-1.0,-1.0,-0.9999999999999987,-0.9999999999999997
-0.9999999999999991,-1.0000000000000024,-0.9999999999999989,1.0000000000000002,1.0000000000000002,0.9999999999999998,1.0000000000000002,0.9999999999999998,1.0000000000000002,1.0,1.0000000000000002,1.0000000000000002,0.9999999999999997,0.9999999999999999,0.9999999999999999,-1.0000000000000004,1.0000000000000002,1.0,1.0,1.0,1.0000000000000013,1.0000000000000002
